keyword,language,author,twitter_name,create_at,location,text,hashtag,tweets_count,retweet_count,favourite_count,date,time,sentiment
#fathailand,th,Changsuek,@Changsuek_TH,2022-04-09 09:45:41+00:00,Thailand,"#CHANGSUEKMEMBERxRABBIT
FULL TIME  OF HAPPINESS 
‡πÄ‡∏û‡∏µ‡∏¢‡∏á‡∏™‡∏±‡πà‡∏á‡∏ã‡∏∑‡πâ‡∏≠‡πÅ‡∏ñ‡∏°‡∏ü‡∏£‡∏µ ‡∏£‡∏π‡∏õ‡∏û‡∏£‡πâ‡∏≠‡∏°‡∏•‡∏≤‡∏¢‡πÄ‡∏ã‡πá‡∏ô‡∏ï‡πå‡∏ô‡∏±‡∏Å‡∏ü‡∏∏‡∏ï‡∏ö‡∏≠‡∏• (‡∏Ñ‡∏•‡∏∞‡∏•‡∏≤‡∏¢) 
‡∏£‡∏≤‡∏Ñ‡∏≤ 390 ‡∏ö‡∏≤‡∏ó 

üõí ‡∏™‡∏±‡πà‡∏á‡∏ã‡∏∑‡πâ‡∏≠‡πÑ‡∏î‡πâ‡∏ó‡∏µ‡πà
SHOPEE : https://t.co/ZPdPXXuxck

#‡∏ä‡πâ‡∏≤‡∏á‡∏®‡∏∂‡∏Å #‡∏ó‡∏µ‡∏°‡∏ä‡∏≤‡∏ï‡∏¥‡πÑ‡∏ó‡∏¢ #TogetherAsOne #Changsuek #Thailand #‡∏ö‡∏≠‡∏•‡πÑ‡∏ó‡∏¢ #‡∏ü‡∏∏‡∏ï‡∏ö‡∏≠‡∏•‡πÑ‡∏ó‡∏¢ #FAThailand #RabbitCard https://t.co/iikxND7Mpr",/CHANGSUEKMEMBERxRABBIT/‡∏ä‡πâ‡∏≤‡∏á‡∏®‡∏∂‡∏Å/‡∏ó‡∏µ‡∏°‡∏ä‡∏≤‡∏ï‡∏¥‡πÑ‡∏ó‡∏¢/TogetherAsOne/Changsuek/Thailand/‡∏ö‡∏≠‡∏•‡πÑ‡∏ó‡∏¢/‡∏ü‡∏∏‡∏ï‡∏ö‡∏≠‡∏•‡πÑ‡∏ó‡∏¢/FAThailand/RabbitCard,2,1,12,09/04/2022,09:45,positive
