keyword,hashtag,count
#fathailand,fathailand,132
#fathailand,changsuek,125
#fathailand,thailand,116
#fathailand,ช้างศึก,114
#fathailand,ทีมชาติไทย,110
#fathailand,บอลไทย,110
#fathailand,ฟุตบอลไทย,106
#fathailand,togetherasone,105
#fathailand,fifaday,53
#fathailand,ทีมชาติไทยu23,53
#fathailand,ช้างศึกu23,51
#fathailand,dubaicup,44
#fathailand,changsueklive,42
#fathailand,ฟุตบอลทีมชาติไทย,39
#fathailand,ดูไบคัพ,36
#fathailand,ผลบอล,24
#fathailand,seagames,18
#fathailand,ซีเกมส์,17
#fathailand,thaileague_th,10
#fathailand,thaileague,10
#fathailand,ผลบ,6
#fathailand,mtutd,6
#fathailand,mtutd_th,6
#fathailand,muangthongunited,6
#fathailand,changsuekexclusivetalk,4
#fathailand,ฟุตบอลหญิง,4
#fathailand,changsuekai,4
#fathailand,แบกเป้ดูบอลไทย,4
#fathailand,official,4
#fathailand,เก้นนิติพงษ์,4
#fathailand,seagamesupdate,3
#fathailand,thaifootball,3
#fathailand,ดูบอลไทยที่aisplay,3
#fathailand,aisplayfootball,3
#fathailand,ทีมชาติไทยu17,2
#fathailand,ช้างศึกu17,2
#fathailand,afcu17,2
#fathailand,changsuekupdate,2
#fathailand,changsuekstory,2
#fathailand,ฟุตบอล,2
#fathailand,ประกันอุบัติเหตุ,1
#fathailand,เมืองไทยประกันภัย,1
#fathailand,ไทยรัฐ,1
#fathailand,ไทย,1
#fathailand,แมตช์แรก,1
#fathailand,แชมเปี้ยนส์ลีก,1
#fathailand,ดูบอลสด,1
#fathailand,เอเอฟซี,1
#fathailand,เชื่อแป้ง,1
#fathailand,เนปาล,1
#fathailand,เชื่อเมืองไทยประกันภัย,1
#fathailand,เชียร์ไทยใจเดียวกัน,1
#fathailand,วงจรกีฬา,1
#fathailand,มอลเทน,1
#fathailand,จอมทัพ,1
#fathailand,ช้าง,1
#fathailand,thailandnationalteam,1
#fathailand,ข่าวกีฬา,1
#fathailand,changsuekfitandfirm,1
#fathailand,changsuekpremium,1
#fathailand,changsuekoutfield,1
#fathailand,changsuekmoment,1
#fathailand,changsuekmention,1
#fathailand,changsuekmemberxrabbit,1
#fathailand,changsuekfocus,1
#fathailand,changsuekbooster,1
#fathailand,wecheerthailand,1
#fathailand,chang,1
#fathailand,buriramunited,1
#fathailand,brutd,1
#fathailand,breaking,1
#fathailand,aisplay,1
#fathailand,afcu23asiancup,1
#fathailand,fixtures,1
#fathailand,flashinterview,1
#fathailand,fortherealgame,1
#fathailand,happybirthday,1
#fathailand,insidechangsuek,1
#fathailand,matchday,1
#fathailand,molten,1
#fathailand,moltenthailand_official,1
#fathailand,pasimple,1
#fathailand,rabbitcard,1
#fathailand,seagamesspotlight,1
#fathailand,afcu23,1
#fathailand,thankyou,1
#fathailand,trueid,1
#fathailand,tv5hd_online,1
#fathailand,u23,1
#fathailand,wearethailand,1
#fathailand,ไทยลีก,1
